<?xml version="1.0" encoding="UTF-8" ?>
<!DOCTYPE mapper
  PUBLIC "-//mybatis.org//DTD Mapper 3.0//EN"
  "http://mybatis.org/dtd/mybatis-3-mapper.dtd">

<mapper namespace="com.example.Pawfect.mapper.UserMapper">

    <!-- 로그인용 아이디로 유저 조회 -->
    <select id="findByUserId" parameterType="string" resultType="com.example.Pawfect.dto.UserDto">
        SELECT *
        FROM user
        WHERE userId = #{userId}
    </select>

    <!-- 회원가입 - 사용자 INSERT -->
    <insert id="insertUser" parameterType="com.example.Pawfect.dto.UserDto">
        INSERT INTO user (
            userId, userName, userTel, userNickname,
            userImage, petName, petType, pwd, email, admin, userStatus
        )
        VALUES (
            #{userId}, #{userName}, #{userTel}, #{userNickname},
            #{userImage}, #{petName}, #{petType}, #{pwd}, #{email}, #{admin}, #{userStatus}
        )
    </insert>

    <!-- 아이디 중복 확인 -->
    <select id="countByUserId" parameterType="string" resultType="int">
        SELECT COUNT(*) FROM user WHERE userId = #{userId}
    </select>

    <!-- 이메일 중복 확인 -->
    <select id="countByEmail" parameterType="string" resultType="int">
        SELECT COUNT(*) FROM user WHERE email = #{email}
    </select>

    <!-- 이메일로 아이디 찾기 -->
    <select id="findUserIdByEmail" parameterType="string" resultType="string">
        SELECT userId FROM user WHERE email = #{email}
    </select>

    <!-- 비밀번호 변경 -->
    <update id="updatePassword" parameterType="com.example.Pawfect.dto.UserDto">
    UPDATE user
    SET pwd = #{pwd}
    WHERE userId = #{userId}
	</update>

</mapper>
